driver_id,total_fare,avg_distance
37,96.72999999999999,35.364999999999995
