driver_id,total_fare,avg_distance
93,147.26999999999998,14.905000000000001
